id_propietario,nombre,email,numero
1,Darn Diddams,ddiddams0@cargocollective.com,1789760168
2,Lorianna Merit,lmerit1@odnoklassniki.ru,5323068272
3,Cally Lewer,clewer2@multiply.com,7904873620
4,Mada Guiett,mguiett3@state.gov,3317470526
5,Natale MacGruer,nmacgruer4@liveinternet.ru,1916107614
6,Aurthur Brittan,abrittan5@wisc.edu,9624365110
7,Cello Rime,crime6@myspace.com,7203601295
8,Carolynn McGowing,cmcgowing7@tripod.com,3327575699
9,Anabel Peracco,aperacco8@google.ca,6505774742
10,Genovera Hulett,ghulett9@discuz.net,8087263218
